gloss,accuracy,f1,support
13,0.0,0.0,9
15bboreio,0.0,0.0,9
200,0.0,0.0,9
ktitikab,0.0,0.0,9
index2plural,0.0,0.0,9
xrimata,0.1111111111111111,0.2,9
prasino,0.1111111111111111,0.2,9
roto,0.1111111111111111,0.2,9
kermata,0.1111111111111111,0.2,9
den_exo,0.1111111111111111,0.15384615384615385,9
den_ekana_tetel,0.1111111111111111,0.11764705882352941,9
kitrino,0.1111111111111111,0.11764705882352941,9
300,0.1111111111111111,0.2,9
xaireto,0.1111111111111111,0.18181818181818182,9
etsi_kai_etsi_arnitiko,0.1111111111111111,0.13333333333333333,9
index1,0.1111111111111111,0.09523809523809523,9
piato,0.2222222222222222,0.3333333333333333,9
agkathi,0.2222222222222222,0.26666666666666666,9
entomo,0.2222222222222222,0.2222222222222222,9
gen_erot_morio,0.2222222222222222,0.3333333333333333,9
70bboreio,0.2222222222222222,0.3076923076923077,9
tonos,0.2222222222222222,0.36363636363636365,9
10,0.2222222222222222,0.2857142857142857,9
50,0.2222222222222222,0.26666666666666666,9
taxinomitis_mikrou_megethous_kermatos_f_orizontio,0.2222222222222222,0.2857142857142857,9
taxinomitis_ogkou_c2,0.2222222222222222,0.21052631578947367,9
8000,0.2222222222222222,0.3076923076923077,9
potiri,0.2222222222222222,0.36363636363636365,9
agrios,0.2222222222222222,0.36363636363636365,9
psomi,0.2222222222222222,0.2857142857142857,9
taxinomitis_gia_emyxo_kinoumeno_l_se_kampsi=perpato,0.2222222222222222,0.2222222222222222,9
taxinomitis_mias_diastasis_d_katheto,0.2222222222222222,0.3333333333333333,9
dino,0.2222222222222222,0.3333333333333333,9
koupa,0.2222222222222222,0.3333333333333333,9
index2,0.2222222222222222,0.3333333333333333,9
index1plural,0.2222222222222222,0.36363636363636365,9
gyali,0.2222222222222222,0.36363636363636365,9
kainourgios,0.3333333333333333,0.46153846153846156,9
mpiskoto,0.3333333333333333,0.375,9
koroideyo,0.3333333333333333,0.3333333333333333,9
kalos,0.3333333333333333,0.5,9
20,0.3333333333333333,0.4,9
fraoula,0.3333333333333333,0.4,9
2000,0.3333333333333333,0.42857142857142855,9
kakos_asximos_xalia,0.3333333333333333,0.46153846153846156,9
index4,0.3333333333333333,0.46153846153846156,9
exypnos,0.3333333333333333,0.5,9
fakos,0.3333333333333333,0.24,9
ktitika_d,0.3333333333333333,0.3333333333333333,9
mpota,0.3333333333333333,0.375,9
80bboreio,0.3333333333333333,0.3,9
9000,0.3333333333333333,0.42857142857142855,9
pappous,0.3333333333333333,0.46153846153846156,9
nosokomeio,0.3333333333333333,0.42857142857142855,9
stamato,0.3333333333333333,0.5,9
simera,0.3333333333333333,0.375,9
aspro,0.3333333333333333,0.3333333333333333,9
80,0.3333333333333333,0.35294117647058826,9
adelfia,0.3333333333333333,0.46153846153846156,9
triti,0.3333333333333333,0.42857142857142855,9
800,0.3333333333333333,0.4,9
tigani,0.3333333333333333,0.4,9
6,0.3333333333333333,0.42857142857142855,9
30,0.3333333333333333,0.42857142857142855,9
fthinos,0.3333333333333333,0.42857142857142855,9
frapes,0.3333333333333333,0.375,9
adelfi,0.3888888888888889,0.4117647058823529,18
frapedieri,0.4444444444444444,0.5333333333333333,9
tsixla,0.4444444444444444,0.47058823529411764,9
tropos,0.4444444444444444,0.5333333333333333,9
gala,0.4444444444444444,0.42105263157894735,9
kayto,0.4444444444444444,0.5,9
kostos,0.4444444444444444,0.4444444444444444,9
dieythyntis,0.4444444444444444,0.5,9
milo,0.4444444444444444,0.4444444444444444,18
etsi_kai_etsi_katafatiko,0.4444444444444444,0.4444444444444444,9
foro,0.4444444444444444,0.6153846153846154,9
31,0.4444444444444444,0.5,9
tsanta_omou,0.4444444444444444,0.47058823529411764,9
farmako,0.4444444444444444,0.4444444444444444,9
taxinomitis_epifaneias_5,0.4444444444444444,0.5333333333333333,9
taxinomitis_perigrammatos_kyklikou_2_xeria_l,0.4444444444444444,0.5333333333333333,9
treno,0.4444444444444444,0.5333333333333333,9
taxinomitis_simeiou_f,0.4444444444444444,0.4444444444444444,9
500,0.4444444444444444,0.5714285714285714,9
tetarti,0.4444444444444444,0.4,9
900,0.4444444444444444,0.47058823529411764,9
xtes,0.4444444444444444,0.5714285714285714,9
90,0.4444444444444444,0.5,9
7bboreio,0.5555555555555556,0.625,9
zaketa,0.5555555555555556,0.47619047619047616,9
xypnitiri,0.5555555555555556,0.625,9
taxinomitis_ogkou_5_se_kampsi_2_xeria,0.5555555555555556,0.7142857142857143,9
taxinomitis_mias_diastasis_d_orizontio,0.5555555555555556,0.45454545454545453,9
1000,0.5555555555555556,0.43478260869565216,9
12,0.5555555555555556,0.5882352941176471,9
noimatizo,0.5555555555555556,0.5,9
broxi,0.5555555555555556,0.5263157894736842,9
paidi,0.5555555555555556,0.5263157894736842,9
palio,0.5555555555555556,0.7142857142857143,9
aygo,0.5555555555555556,0.5263157894736842,9
saltsa,0.5555555555555556,0.5555555555555556,9
pos,0.5555555555555556,0.43478260869565216,9
plirono,0.5555555555555556,0.7142857142857143,9
roz,0.5555555555555556,0.6666666666666666,9
sfouggari,0.5555555555555556,0.5882352941176471,9
asteri,0.5555555555555556,0.7142857142857143,9
rouxa,0.5555555555555556,0.7142857142857143,9
soupa,0.5555555555555556,0.5,9
arnitiko_morio,0.5555555555555556,0.6666666666666666,9
taxinomitis_ogkou_c2_2xeria,0.5555555555555556,0.5263157894736842,9
8boreio,0.5555555555555556,0.7142857142857143,9
kaltses,0.5555555555555556,0.47619047619047616,9
kep,0.5555555555555556,0.5882352941176471,9
diko_mou,0.5555555555555556,0.5,9
mou_aresei,0.5555555555555556,0.6666666666666666,9
ktitikae,0.5555555555555556,0.43478260869565216,9
mple,0.5555555555555556,0.5,9
kontos,0.5555555555555556,0.5263157894736842,9
forema,0.5555555555555556,0.47619047619047616,9
ilikia,0.5555555555555556,0.7142857142857143,9
3,0.5555555555555556,0.5882352941176471,9
4,0.5555555555555556,0.6666666666666666,9
tsai,0.5555555555555556,0.5882352941176471,9
xero,0.6666666666666666,0.8,9
3000,0.6666666666666666,0.75,9
2,0.6666666666666666,0.75,9
xadelfi,0.6666666666666666,0.8,9
40,0.6666666666666666,0.75,9
index3,0.6666666666666666,0.75,9
fasolia,0.6666666666666666,0.6,9
fthano,0.6666666666666666,0.8,9
kapelaki,0.6666666666666666,0.75,9
kakos_epikindynos,0.6666666666666666,0.8,9
ebdomada,0.6666666666666666,0.6666666666666666,9
dromos,0.6666666666666666,0.8,9
eykolos,0.6666666666666666,0.5217391304347826,9
eyro,0.6666666666666666,0.75,9
giagia,0.6666666666666666,0.5714285714285714,9
giati_logos,0.6666666666666666,0.631578947368421,9
index4plural,0.6666666666666666,0.6666666666666666,9
kleidi,0.6666666666666666,0.46153846153846156,9
kinito,0.6666666666666666,0.5454545454545454,9
kafe,0.6666666666666666,0.6666666666666666,9
kafes,0.6666666666666666,0.75,9
den_xero,0.6666666666666666,0.8,9
oikogeneia,0.6666666666666666,0.6666666666666666,9
nostimo,0.6666666666666666,0.75,9
lathos,0.6666666666666666,0.7058823529411765,9
ktitika_a,0.6666666666666666,0.8,9
mpar,0.6666666666666666,0.75,9
mesimeri,0.6666666666666666,0.6666666666666666,9
mama,0.6666666666666666,0.631578947368421,9
kathigitis,0.6666666666666666,0.6,9
katastima,0.6666666666666666,0.8,9
7,0.6666666666666666,0.8,9
taxinomitis_epifaneias_b_kathetos,0.6666666666666666,0.48,9
82,0.6666666666666666,0.75,9
skylos,0.6666666666666666,0.75,9
sokolata,0.6666666666666666,0.8,9
adelfos,0.6666666666666666,0.6666666666666666,9
thymamai,0.6666666666666666,0.6666666666666666,9
theios,0.6666666666666666,0.75,9
telos,0.6666666666666666,0.5454545454545454,9
ti_akribos,0.6666666666666666,0.8,9
thelo,0.6666666666666666,0.8,9
10000,0.6666666666666666,0.8,9
11,0.6666666666666666,0.5714285714285714,9
67,0.6666666666666666,0.5454545454545454,9
taxinomitis_epifaneias_b_orizontios_me_opsi_pano,0.6666666666666666,0.75,9
akoma_den_ekana_mi_tetel,0.6666666666666666,0.75,9
antio,0.6666666666666666,0.6,9
potami,0.6666666666666666,0.8,9
poso,0.6666666666666666,0.6666666666666666,9
posa,0.6666666666666666,0.48,9
portokali,0.6666666666666666,0.8,9
psixalizei,0.6666666666666666,0.8,9
sikonomai,0.6666666666666666,0.6666666666666666,9
askisi,0.6666666666666666,0.7058823529411765,9
arseniko,0.6666666666666666,0.631578947368421,9
bouno,0.6666666666666666,0.631578947368421,9
biblio,0.6666666666666666,0.6,9
asximos,0.6666666666666666,0.8,9
balitsa,0.6666666666666666,0.8,9
papas,0.6666666666666666,0.8,9
panofori,0.6666666666666666,0.7058823529411765,9
pappous_xoris_genos,0.6666666666666666,0.6666666666666666,9
paraskeyi,0.6666666666666666,0.8,9
4000,0.6666666666666666,0.75,9
6000,0.6666666666666666,0.6666666666666666,9
1,0.6666666666666666,0.75,9
5,0.6666666666666666,0.8,9
600,0.6666666666666666,0.6,9
katalaba,0.7777777777777778,0.6363636363636364,9
karamela,0.7777777777777778,0.4375,9
ergasia,0.7777777777777778,0.7,9
15a,0.7777777777777778,0.7777777777777778,9
14,0.7777777777777778,0.56,9
kosmos,0.7777777777777778,0.8235294117647058,9
karabi,0.7777777777777778,0.7777777777777778,9
diafono,0.7777777777777778,0.875,9
de_thymamai,0.7777777777777778,0.6363636363636364,9
entaxei,0.7777777777777778,0.8235294117647058,9
pempti,0.7777777777777778,0.7777777777777778,9
tourkia,0.7777777777777778,0.6363636363636364,9
sosto,0.7777777777777778,0.875,9
poson_xronon_eisai,0.7777777777777778,0.8235294117647058,9
7000,0.7777777777777778,0.56,9
67bboreio,0.7777777777777778,0.7368421052631579,9
700,0.7777777777777778,0.8235294117647058,9
xypnao,0.7777777777777778,0.875,9
5000,0.7777777777777778,0.7368421052631579,9
podilato,0.7777777777777778,0.875,9
anemos,0.7777777777777778,0.875,9
ora_stigmi,0.7777777777777778,0.875,9
apokries,0.7777777777777778,0.6086956521739131,9
sentoni,0.7777777777777778,0.7777777777777778,9
bolta,0.7777777777777778,0.875,9
pagoto,0.7777777777777778,0.6086956521739131,9
eisitirio,0.7777777777777778,0.875,9
400,0.7777777777777778,0.5384615384615384,9
xorio,0.7777777777777778,0.6666666666666666,9
giatros,0.7777777777777778,0.8235294117647058,9
galazio,0.7777777777777778,0.875,9
mesa,0.7777777777777778,0.8235294117647058,9
den_mporo,0.7777777777777778,0.7368421052631579,9
lexi,0.7777777777777778,0.7,9
leo,0.7777777777777778,0.875,9
mpanio,0.7777777777777778,0.7,9
akribos,0.8333333333333334,0.75,18
daskalos,0.8888888888888888,0.64,9
maska1,0.8888888888888888,0.8888888888888888,9
mporo,0.8888888888888888,0.8421052631578947,9
mixanaki,0.8888888888888888,0.8421052631578947,9
krasi,0.8888888888888888,0.8421052631578947,9
diamerisma,0.8888888888888888,0.8,9
mpala,0.8888888888888888,0.6666666666666666,9
mayro,0.8888888888888888,0.8888888888888888,9
diermineas,0.8888888888888888,0.7272727272727273,9
nonos,0.8888888888888888,0.8,9
kerasi,0.8888888888888888,0.7272727272727273,9
istoria,0.8888888888888888,0.8,9
fournos,0.8888888888888888,0.7619047619047619,9
giati_pos_kai,0.8888888888888888,0.8,9
24,0.8888888888888888,0.7272727272727273,9
kouzina,0.8888888888888888,0.9411764705882353,9
epikoinono,0.8888888888888888,0.9411764705882353,9
kalson,0.8888888888888888,0.9411764705882353,9
kapelo,0.8888888888888888,0.9411764705882353,9
exo_kanei{pa},0.8888888888888888,0.6666666666666666,9
xalazi,0.8888888888888888,0.8421052631578947,9
xaderfi,0.8888888888888888,0.8,9
trapezi,0.8888888888888888,0.9411764705882353,9
taxinomitis_ogkou_5_se_kampsi,0.8888888888888888,0.7272727272727273,9
telos_daktylosyllabismou_lexis,0.8888888888888888,0.8888888888888888,9
taxinomitis_gia_empsyxo_orthio_l,0.8888888888888888,0.5161290322580645,9
100,0.8888888888888888,0.8,9
theia,0.8888888888888888,0.8421052631578947,9
60,0.8888888888888888,0.8,9
brady,0.8888888888888888,0.9411764705882353,9
pote_mellon,0.8888888888888888,0.8421052631578947,9
barikoos,0.8888888888888888,0.9411764705882353,9
theios_xoris_genos,0.8888888888888888,0.8888888888888888,9
thilyko,0.8888888888888888,0.64,9
sxoleio,0.8888888888888888,0.8,9
82bboreio,0.8888888888888888,0.7272727272727273,9
symfono,0.8888888888888888,0.9411764705882353,9
taxideyo,0.8888888888888888,0.9411764705882353,9
mpouketo,0.8888888888888888,0.8421052631578947,9
krebati,0.8888888888888888,0.9411764705882353,9
koumparos,0.8888888888888888,0.8,9
kommotirio,0.8888888888888888,0.8421052631578947,9
koutali,0.8888888888888888,0.8888888888888888,9
didasko,0.8888888888888888,0.9411764705882353,9
sabbato,0.8888888888888888,0.8888888888888888,9
proi,0.8888888888888888,0.7619047619047619,9
panteloni,0.8888888888888888,0.8421052631578947,9
akouon,0.8888888888888888,0.7619047619047619,9
santouits,0.8888888888888888,0.9411764705882353,9
astynomos,0.8888888888888888,0.8888888888888888,9
pastitsio,0.8888888888888888,0.64,9
basilias,0.8888888888888888,0.8,9
bolei,0.8888888888888888,0.7272727272727273,9
korniza,1.0,1.0,9
giati_stoxos,1.0,0.9473684210526315,9
gyalia,1.0,0.9,9
foito,1.0,0.8181818181818182,9
ilios,1.0,0.9,9
gallikos,1.0,1.0,9
gefyra,1.0,0.8571428571428571,9
genniemai,1.0,0.9,9
exo,1.0,1.0,9
kapoutsinos,1.0,0.9473684210526315,9
xadelfos,1.0,0.9473684210526315,9
xiliades,1.0,0.6666666666666666,9
xexno,1.0,0.8571428571428571,9
tyri,1.0,0.72,9
xartonomisma,1.0,0.782608695652174,9
fonazo,1.0,0.9473684210526315,9
xadelfia,1.0,0.9473684210526315,9
dyskolos,1.0,1.0,9
kourtines,1.0,1.0,9
dorizo,1.0,1.0,9
diodia,1.0,0.9,9
dentro,1.0,0.9473684210526315,9
kokkino,1.0,0.8571428571428571,9
ktirio,1.0,1.0,9
kryo,1.0,1.0,9
mathima,1.0,0.72,9
makaronia,1.0,0.8181818181818182,9
kanata,1.0,0.9473684210526315,9
index3plural,1.0,0.8571428571428571,9
kofos,1.0,1.0,9
koimamai,1.0,0.9473684210526315,9
katsarola,1.0,0.72,9
kathomai,1.0,1.0,9
mprabo_kofon,1.0,0.9473684210526315,9
myrmigki,1.0,0.9,9
neos,1.0,0.782608695652174,9
nero,1.0,1.0,9
omeleta,1.0,0.8181818181818182,9
ora_diarkeia,1.0,0.8571428571428571,9
onoma,1.0,0.6666666666666666,9
omorfos,1.0,0.5806451612903226,9
maxilari,1.0,1.0,9
ktitika_c,1.0,1.0,9
ladi,1.0,0.782608695652174,9
magio,1.0,1.0,6
mageireyo,1.0,0.72,9
kyriaki,1.0,0.8181818181818182,9
mpasket,1.0,0.9,9
minas,1.0,0.9473684210526315,9
brysi,1.0,0.9473684210526315,9
dakryzo,1.0,0.5294117647058824,9
paploma,1.0,1.0,9
pantremenos,1.0,0.9,9
mprabo,1.0,0.9,9
perpato,1.0,0.9473684210526315,9
pitsa,1.0,0.9,9
psonizo,1.0,0.9,9
poios,1.0,0.782608695652174,9
rabo,1.0,0.9473684210526315,9
poli,1.0,1.0,9
bourtsa,1.0,0.8571428571428571,9
ayrio,1.0,1.0,9
aytokinito,1.0,0.8181818181818182,9
pou,1.0,0.782608695652174,9
pote_parelthon,1.0,0.8571428571428571,9
taxinomitis_gia_atomo_c,1.0,1.0,9
alogo,1.0,0.9473684210526315,9
anipsios,1.0,0.9473684210526315,9
apanto,1.0,0.782608695652174,9
apogeyma,1.0,1.0,9
psilos,1.0,1.0,9
pyrosbestis,1.0,0.9,9
tilefono,1.0,0.8571428571428571,9
taxinomitis_epifaneias_b_orizontios_me_opsi_kato,1.0,0.8181818181818182,9
teleio,1.0,0.9,9
taxinomitis_mias_diastasis_plithyntikou_4_orizontios,1.0,0.8181818181818182,9
taxinomitis_mias_diastasis_plithyntikou_4_kathetos,1.0,0.9,9
spiti,1.0,1.0,9
stathmos,1.0,1.0,9
stoma,1.0,0.75,9
agapo,1.0,1.0,9
xymos,1.0,0.9,9
thalassa,1.0,0.8571428571428571,9
